year,country,iso,ifs,pop,rgdpmad,rgdppc,rconpc,gdp,iy,cpi,ca,imports,exports,narrowm,money,stir,ltrate,stocks,debtgdp,revenue,expenditure,xrusd,crisisJST,tloans,tmort,thh,tbus,hpnom
1870,Norway,NOR,142,1735,1360.14,4.8730513,7.99,542,0.121771218,2.522934448,15,103,81,38.93262,163.7876,4.99,5.39,,,20.2,19.8,3.210066667,0,159.107,68.1196,,,1.245468415
1871,Norway,NOR,142,1745,1376.09,4.932082564,8.08,562,0.12455516,2.548184321,17,102,81,43.345,182.8611,4.31,4.99,,,20.8,22,3.276226667,0,170.622,69.9506,,,1.307615862
1872,Norway,NOR,142,1755,1457.36,5.223446943,8.37,640,0.15,2.705451511,17,137,105,49.31408,205.5049,3.95,4.63,,,22.1,21.2,3.318846667,0,185.194,71.8308,,,1.468303403
1873,Norway,NOR,142,1767,1481.61,5.309534202,8.73,729,0.16872428,2.817134008,11,167,121,55.59187,229.7271,4.33,4.71,,,24.5,22.3,3.25742,0,203.509,72.8463,,,1.223072939
1874,Norway,NOR,142,1783,1523.75,5.458342179,9.11,790,0.183544304,2.963005024,-8,186,121,57.94587,233.4305,4.93,4.59,,,26.9,31.2,3.36405,0,228.033,73.1533,,,1.784639503
1875,Norway,NOR,142,1803,1551.22,5.554370467,9.35,771,0.181582361,2.906024158,-27,177,103,51.99604,235.0754,5.89,4.62,,,27.7,37.7,3.239580833,0,238.755,73.116,,,1.83306972
1876,Norway,NOR,142,1829,1572.45,5.64691427,9.33,799,0.170212766,2.826250946,4,167,118,50.59717,241.8247,5.76,4.74,,,28.4,43.8,3.35608,0,253.287,77.6255,,,2.013073359
1877,Norway,NOR,142,1852,1564.75,5.619858275,9.65,797,0.1706399,2.849043292,-30,190,109,51.05292,238.5173,5.99,4.78,,,30.7,50.1,3.5854,0,261.843,81.5126,,,1.989558109
1878,Norway,NOR,142,1877,1489.82,5.346223772,9.08,706,0.157223796,2.712289214,-1,140,92,46.23758,237.5984,6.29,4.83,,,16.6,25.5,3.73008,0,264.038,84.1515,,,2.158084067
1879,Norway,NOR,142,1902,1483.25,5.321524927,8.92,662,0.148036254,2.541346617,3,132,89,46.56575,249.2959,5.49,4.6,,,28,48.6,3.73272,0,265.84,86.0147,,,1.880660107
1880,Norway,NOR,142,1919,1517.29,5.444916666,8.94,720,0.147222222,2.634795237,8,151,109,52.45842,264.7555,4.57,4.32,,0.1577,34,44.2,3.739968,0,285.207,98.7229,,,1.77064233
1881,Norway,NOR,142,1923,1528.4,5.485193205,9.14,739,0.146143437,2.639353706,2,165,121,50.61542,279.6985,4.42,4.1,,0.1554,35.2,44.4,3.7674,0,302.168,113.3875,,,1.861064065
1882,Norway,NOR,142,1920,1527.94,5.484065872,9.11,760,0.15,2.648470645,20,160,123,50.45233,295.217,4.83,4.1,,0.1497,39.4,46,3.722089,0,317.684,121.5789,,,1.925171115
1883,Norway,NOR,142,1919,1523.01,5.464798723,9.34,750,0.150666667,2.671262991,4,161,116,50.90858,304.025,4.56,4.11,,0.1492,42.7,43.3,3.740468,0,328.969,128.2189,,,1.877860672
1884,Norway,NOR,142,1929,1542.13,5.534488409,9.38,721,0.147018031,2.568697432,4,159,112,52.59308,308.5075,4.55,4.07,,0.1574,40.5,42.2,3.75538,0,343.289,134.1993,,,1.710734432
1885,Norway,NOR,142,1944,1544.34,5.54299465,9.4,679,0.142857143,2.45929417,0,146,102,48.96608,309.8285,4.52,3.99,,0.1666,44.6,41.2,3.741203,0,351.129,139.5994,,,1.948686365
1886,Norway,NOR,142,1958,1541.74,5.532336228,9.24,667,0.137931034,2.361287081,8,135,103,49.51142,312.128,4.6,3.87,,0.1747,43.5,42.5,3.729341,0,346.676,144.1361,,,1.773441765
1887,Norway,NOR,142,1970,1551.82,5.570255616,9.15,659,0.142640364,2.308864684,15,134,107,52.44325,321.5975,4.27,3.77,,0.1751,43,43.2,3.736593,0,349,154.0009,,,1.887658693
1888,Norway,NOR,142,1977,1618.52,5.810992487,9.61,710,0.146478873,2.327098561,18,158,122,56.40425,341.4925,3.67,3.58,,0.1778,44.4,45.2,3.732354,0,357.235,165.5052,,,1.81767283
1889,Norway,NOR,142,1984,1675.06,6.012682638,10,770,0.163636364,2.361287081,14,192,133,60.95958,358.7465,3.55,3.45,,0.1616,44.8,43.6,3.72801,0,374.579,168.7501,,,1.779040634
1890,Norway,NOR,142,1997,1709.49,6.138226557,10.28,780,0.178205128,2.3954756,-9,209,131,62.29642,361.2375,3.72,3.45,,0.1619,50.3,45.5,3.739626,0,394.375,166.8735,,,1.911453886
1891,Norway,NOR,142,2013,1712.28,6.149704859,10.46,802,0.172069825,2.509437332,-33,223,130,60.04125,364.4895,4.98,3.58,,0.1681,51.4,52.9,3.731398,0,407.153,165.5818,,,2.065982672
1892,Norway,NOR,142,2026,1733.8,6.225851089,10.38,799,0.162703379,2.470690343,-18,200,126,58.52658,375.878,5.52,3.55,,0.1692,51.1,52.4,3.718224,0,422.006,166.1376,,,2.13400893
1893,Norway,NOR,142,2038,1769.37,6.355084463,10.56,809,0.1631644,2.343053204,-15,205,136,58.2515,391.752,5,3.53,,0.2146,52.5,60.3,3.729584,0,442.612,173.8567,,,2.383998432
1894,Norway,NOR,142,2057,1763.72,6.334997436,10.89,816,0.164215686,2.279234634,-23,206,132,58.2915,415.543,4.5,3.41,,0.1899,53.6,61.2,3.7146,0,464.843,189.5507,,,2.249625576
1895,Norway,NOR,142,2083,1762.77,6.330180649,11.06,832,0.168269231,2.279234634,-35,223,137,62.08967,436.116,3.83,3.17,,0.2052,54.8,62.4,3.71349,0,493.551,204.4668,,,2.390997019
1896,Norway,NOR,142,2112,1787.95,6.423134392,11.42,875,0.163428571,2.324819327,-40,240,148,63.1545,468.5315,4.04,3.08,,0.2223,57.1,71.4,3.730301,0,521.519,220.0013,,,2.564282015
1897,Norway,NOR,142,2142,1856.41,6.672377504,11.58,919,0.176278564,2.283793103,-40,264,168,67.22208,518.6945,4.63,3.07,,0.2123,65.1,78.2,3.73164,0,569.269,228.8892,,,2.611872402
1898,Norway,NOR,142,2174,1844.25,6.627796602,11.7,998,0.189378758,2.347611673,-62,280,159,74.63958,558.763,4.29,3.14,,0.2137,73.8,81,3.762912,0,660.643,232.8561,,,2.877258794
1899,Norway,NOR,142,2204,1875.18,6.739607554,11.86,1065,0.20657277,2.472969578,-86,310,159,78.84983,603.1545,6,3.44,,0.2266,82.5,90.6,3.764536,1,700.104,244.0081,,,2.974399171
1900,Norway,NOR,142,2230,1876.69,6.743911917,11.79,1115,0.186547085,2.577814371,-69,311,173,77.18333,653.267,6.5,3.7,,0.2179,64.5,76.9,3.737808,0,766.531,250.9,,,2.61579161
1901,Norway,NOR,142,2255,1902.13,6.838095478,11.71,1101,0.176203451,2.527671209,-70,287,165,76.55733,679.068,5.63,3.56,,0.2507,83.1,110.4,3.722328,0,798.816,262.949,,,2.528729197
1902,Norway,NOR,142,2275,1914.36,6.880729169,11.71,1088,0.168198529,2.550463555,-63,290,181,75.92442,695.3245,4.58,3.34,,0.253,85.8,105.1,3.732354,0,815.676,277.113,,,2.605153759
1903,Norway,NOR,142,2288,1891.49,6.80017609,11.77,1081,0.159111933,2.609723656,-58,293,193,73.97833,713.0605,5.21,3.31,,0.2617,83.5,105.2,3.739864,0,848.282,289.523,,,2.579398961
1904,Norway,NOR,142,2297,1887.66,6.784188457,11.43,1081,0.168362627,2.598327483,-48,292,193,75.2225,733.14,4.92,3.53,,0.2981,85.6,101.3,3.723902,0,865.525,300.644,,,2.38707781
1905,Norway,NOR,142,2309,1892.1,6.802943181,11.59,1105,0.157466063,2.67582146,-45,312,218,81.48833,784.6,4.88,3.6,,0.3247,82.6,97.3,3.735752,0,885.898,309.89,,,2.216592248
1906,Norway,NOR,142,2319,1962.05,7.053723566,11.74,1187,0.173546757,2.657587583,-41,344,246,83.577,854.0105,5.17,3.55,,0.297,91.6,101.3,3.765447,0,934.454,320.107,,,2.486737679
1907,Norway,NOR,142,2329,2038.47,7.330330129,12.02,1265,0.192094862,2.723685388,-64,362,229,88.80933,907.01,5.21,3.69,,0.2754,99,110.8,3.780546,0,1004.669,339.448,,,2.374760298
1908,Norway,NOR,142,2346,2088.04,7.511113373,12.24,1299,0.190916089,2.716847684,-71,355,219,87.50909,960.3855,5.29,3.76,,0.2671,106.6,108.1,3.7401,0,1068.815,359.121,,,2.424310289
1909,Norway,NOR,142,2367,2114.71,7.60498948,12.31,1316,0.17325228,2.641632941,-56,366,243,90.88734,1022.185,4.54,3.63,,0.2667,134.3,137.5,3.736692,0,1131.694,379.862,,,2.416191929
1910,Norway,NOR,142,2384,2185.97,7.865710894,12.67,1435,0.183275261,2.737360795,-30,402,283,97.18575,1087.38,4.5,3.69,,0.2693,115.6,116.7,3.737808,0,1194.107,401.322,,,2.618031158
1911,Norway,NOR,142,2401,2255.09,8.115773885,12.96,1530,0.207189542,2.793577321,-61,469,298,104.4069,1168.726,4.67,3.8,,0.2511,123,120.9,3.745797,0,1296.268,425.509,,,2.66198228
1912,Norway,NOR,142,2423,2344.46,8.439011047,13.16,1680,0.213690476,2.966555201,-52,526,336,111.1853,1266.233,5.42,4.02,,0.2266,131.3,133,3.742155,0,1419.024,443.109,,,2.799434514
1913,Norway,NOR,142,2447,2447.06,8.81318317,13.55,1857,0.206785137,3.07899039,-1,552,393,121.8155,1258.227,5.5,4.21,,0.1969,143.2,153.3,3.742388,0,1527.292,448.312,,,2.94668477
1914,Norway,NOR,142,2472,2472.28,8.902857399,13.67,1919,0.206357478,3.113584686,-32,567,410,144.3493,1382.402,5.04,4.29,1.017171668,0.1862,102.2,123,3.920124,0,1592.909,463.062,,,3.154962698
1915,Norway,NOR,142,2498,2554.23,9.203445412,14.51,2594,0.197764071,3.563325456,129,868,677,175.4096,1589.491,5.21,5.06,1.053007819,0.1624,112.1,165,3.69,0,1890.661,479.064,,,3.071539549
1916,Norway,NOR,142,2522,2627.84,9.469701007,16.12,3871,0.209506587,4.246584645,391,1354,988,283.8826,2281.162,5.04,5.17,1.344968056,0.1093,144.2,158,3.64,0,2715.999,501.159,,,3.549682964
1917,Norway,NOR,142,2551,2361.31,8.500604431,14.53,4489,0.241924705,5.275797455,-86,1661,791,423.1758,3294.896,5.54,5.12,1.651560532,0.1015,242.7,234,3.06,0,3767.158,549.968,,,4.015788811
1918,Norway,NOR,142,2578,2242.88,8.069143286,13.4,5048,0.156893819,7.412061843,142,1253,755,488.1611,4382.313,6,5.58,1.80613037,0.1459,442.6,502,3.57,0,4815.945,576.847,,,4.593312151
1919,Norway,NOR,142,2603,2601.96,9.37305781,16.47,6195,0.35803067,7.926669317,-1069,2584,782,528.2416,4946.5,5.71,5.78,1.113024035,0.1627,488.4,619,4.88,0,5518.2,603.472,,,4.919166328
1920,Norway,NOR,142,2635,2739.06,9.873696217,16.44,7500,0.306266667,9.236969031,-864,3033,1247,575.725,5381.783,6.58,6.77,0.945195313,0.1506,562.2,648,6.81,0,5995.6,646.525,,,5.427263693
1921,Norway,NOR,142,2668,2442.9,8.79196881,13.82,5448,0.236784141,8.562357882,-541,1464,638,552.8834,5532.2,6.75,6.02,0.618669523,0.2185,448.4,746,6.6,0,5795.7,696.748,,,4.549640973
1922,Norway,NOR,142,2695,2678.08,9.647102252,15.33,4980,0.192971888,7.178543412,-296,1314,787,547.9,5516.517,5.46,5.05,0.54174226,0.2575,371.7,585,5.3,1,5379,759.931,,,4.754279636
1923,Norway,NOR,142,2713,2732.13,9.842028404,15.67,4997,0.192315389,6.746100858,-267,1343,831,540.1166,4820.075,5.83,5.35,0.579457079,0.279,317.3,550,6.71,0,4946.9,846.595,,,4.862337808
1924,Norway,NOR,142,2729,2715.12,9.781664837,15.3,5576,0.182926829,7.394763626,-197,1537,1066,488.4417,4502.358,6.92,5.85,0.688355987,0.278,313.4,478,6.65,0,4707.2,902.483,,,4.683173999
1925,Norway,NOR,142,2747,2863.16,10.31837791,15.48,5633,0.186756613,7.524497033,-74,1379,1048,477.8167,4280.708,5.79,5.68,0.682951406,0.3074,378.1,486,4.93,0,4675.7,972.45,,,4.909928195
1926,Norway,NOR,142,2763,2889.27,10.41194656,15.45,4646,0.171545415,6.400147251,-4,1093,812,535.35,4050.781,5.33,5.34,0.591456985,0.3467,371.3,445,3.965,0,4229.3,1037.913,,,4.533964139
1927,Norway,NOR,142,2775,2985.57,10.76131735,16.07,4218,0.162399241,5.751484482,-51,977,685,484.25,3819.54,4.58,5.25,0.521495121,0.3718,362.5,395,3.758,0,3906.9,1092.5551,,,4.43262461
1928,Norway,NOR,142,2785,3105.9,11.19739031,16.58,4221,0.187870173,5.362286402,-119,1023,683,421.7167,3487.5,5.5,5.26,0.560460437,0.3873,363.3,397,3.75,0,3771.4,1107.95,,,4.573996053
1929,Norway,NOR,142,2795,3387.39,12.21414234,17.45,4345,0.194936709,5.146064049,-41,1073,752,387.95,3475.758,5.54,5.36,0.627342235,0.3634,350.8,387,3.73,0,3749.6,1113.619,,,4.676455356
1930,Norway,NOR,142,2807,3627.1,13.08075408,18.14,4377,0.229609321,4.973086169,-68,1065,684,371.3583,3464.958,4.5,5.05,0.487802181,0.3576,355.8,376,3.74,0,3639,1129.926,,,4.423106532
1931,Norway,NOR,142,2824,3323.46,11.98160425,17.56,3842,0.192868298,4.713621495,-117,861,467,365.3833,3414.375,4.83,5.01,0.387806277,0.3951,330.3,374,5.433,1,3503.4,1140.7841,,,4.523886175
1932,Norway,NOR,142,2842,3466.56,12.50232969,17.49,3862,0.168047644,4.627132548,55,690,569,394.875,3237.133,4.63,5.02,0.335810985,0.3951,317.1,361,5.95,0,3497.5,1126.469,,,4.526125723
1933,Norway,NOR,142,2858,3533.55,12.74173425,17.66,3866,0.169167098,4.583888089,86,665,558,375.7167,3177.183,3.67,4.95,0.425626893,0.4043,258.5,309,3.92,0,3370.7,1131.095,,,4.595271755
1934,Norway,NOR,142,2874,3638.02,13.1211331,17.99,4068,0.189528024,4.583888089,60,737,578,390.875,3043.858,3.5,4.67,0.453976247,0.3751,277.8,302,4.045,0,3381.7,1136.126,,,4.326526042
1935,Norway,NOR,142,2889,3799.63,13.70703889,18.64,4362,0.211600183,4.670377021,22,825,605,399.0833,3086.242,3.5,4.44,0.529488617,0.3559,292.7,341,4.058,0,3389.8,1141.347,,,4.317287908
1936,Norway,NOR,142,2904,4035.13,14.56432452,19.36,4850,0.222886598,4.800110441,90,927,685,441.1417,3091.567,3.54,4.52,0.682188547,0.3201,349.9,384,4.073,0,3350.9,1153.278,,,4.722925969
1937,Norway,NOR,142,2919,4193.04,15.1360874,20.22,5581,0.253359613,5.146064049,72,1293,823,488.8083,3149.583,4,4.46,0.783537488,0.2802,413.2,422,4.001,0,3475.4,1172.907,,,4.932323671
1938,Norway,NOR,142,2936,4262.21,15.38686778,20.37,5827,0.252788742,5.319041928,86,1193,787,563.85,3365.917,3.5,4.33,0.708282839,0.2567,473.5,472,4.278,0,3502.8,1197.771,,,4.776395168
1939,Norway,NOR,142,2954,4440.63,16.03170235,21.46,6253,0.255877179,5.362286402,-30,1366,808,623.3,3429.442,3.83,4.58,0.737083205,0.2444,532.9,567,4.4,0,3650.3,1246.2209,,,5.167196226
1940,Norway,NOR,142,2973,4038.09,14.57098603,20.59,,,6.270413831,,948,612,1006.233,3762.742,3.5,5.39,0.786759005,,562.4,714,4.393432336,0,3656.7,1219.868,,,5.186512325
1941,Norway,NOR,142,2990,4112.47,14.8401112,20.56,,,7.356161656,,1125,575,2190.597,4806.95,3,3.67,1.084620514,,940.4,1132,4.387872452,0,3061.1,1169.408,,,5.520484862
1942,Norway,NOR,142,3009,3927.7,14.17088524,20.27,,,7.814055345,,944,492,2592.935,6043.083,3,3.54,1.177013636,,1219.7,2042,4.380554104,0,2755,1129.345,,,5.178114021
1943,Norway,NOR,142,3032,3820.18,13.77734349,20.14,,,7.993231137,,1008,539,3309.985,7256.433,3,3.52,1.177851231,,1405.5,1896,4.380554104,0,2482.2,1084.864,,,5.101689459
1944,Norway,NOR,142,3060,3587.54,12.93174113,19.32,,,8.092773243,,722,517,3904.81,8568.275,3,3.45,1.174629713,,,2274,4.380554104,0,2300.2,1029.4449,,,5.15207928
1945,Norway,NOR,142,3091,3979.86,14.36027721,20.26,,,8.242086403,,1206,326,3492.788,9049.15,3,3.42,1.093640763,,,1224,4.717937169,0,2462.6,1017.584,,,5.666055457
1946,Norway,NOR,142,3127,4335.37,15.65937495,20.99,10778,0.310539989,8.441170615,-529,2197,1202,2781.823,8887.191,2.5,2.96,1.048603948,,,2275,7,0,3190.4,1211.094,,,5.507887407
1947,Norway,NOR,142,3165,4864.26,17.59234138,22.74,12687,0.372113187,8.480987458,-1225,3820,1820,3410.002,9770.241,2.5,2.5,1.008592701,0.5305,,2950,8,0,4273.4,1476.4,,,5.722324091
1948,Norway,NOR,142,3201,5143.89,18.61514,22.83,13904,0.365218642,8.421262194,-1100.75,3722,2061,3630.663,10512.53,2.5,2.49,1.093837537,0.4554,,3486,9.25,0,5273.7,1710.2,,,5.654857719
1949,Norway,NOR,142,3234,5227.2,18.91849511,23.71,14917,0.379432862,8.451124826,-1104,4221,2136,3512.987,10759.89,2.5,2.5,1.060949326,0.4168,6200,4002,9.2,0,6239.9,2001.6,,,5.988550313
1950,Norway,NOR,142,3265.126,5429.51,19.65905051,24.01,16425,0.354033486,8.879155883,339.5,4846,2789,3801.033,11122.08,2.5,2.58,1.166313409,0.2898,4418,4739,9.7,0,7535.5,2477.7,,,6.122643226
1951,Norway,NOR,142,3295.871,5670.28,20.53908776,23.81,20456,0.347819711,10.27274537,572,6266,4427,3661.915,11564.67,2.5,2.74,1.311874195,0.2411,5012,4597,8.8,0,8759.2,2902,,,5.923323489
1952,Norway,NOR,142,3327.728,5813.92,21.06442502,24.54,22564,0.347101578,11.19848696,-15.58,6239,4039,4079.13,12777.75,2.5,2.74,1.258887633,0.216,4390,5022,7.79,0,9891,3286,,,6.141119494
1953,Norway,NOR,142,3360.888,5985.19,21.69111977,25.27,22884,0.352779234,11.44734223,-997.12,6514,3632,3877.5,13429.92,2.5,2.72,1.185802719,0.2382,4719,4890,7.79,0,10846,3678,,,6.737678989
1954,Norway,NOR,142,3394.246,6225.5,22.5706446,25.78,24806,0.368459244,11.91519013,-1332.24,7277,4167,3976.333,14231.67,2.5,2.69,1.394094722,0.2408,5083,5223,7.93,0,12168.3,4155,,,5.963075459
1955,Norway,NOR,142,3427.409,6301.38,22.84315177,26.32,26376,0.366810737,12.03464065,-947.36,7783,4528,3900.25,14521.83,3.42,2.99,1.551836327,0.2677,5334,5552,7.64,0,12858.1,4784,,,7.718040956
1956,Norway,NOR,142,3459.992,6575.16,23.84514598,26.85,29747,0.359532054,12.49253434,30.08,8653,5517,3981.917,14974,3.5,4.31,1.678516844,0.2702,6956,6217,7.52,0,13873.3,5351,,,7.850454208
1957,Norway,NOR,142,3491.938,6711.49,24.34967881,27.23,31775,0.360818253,12.85088592,104.3,9103,5867,4329.167,15828,3.5,4.57,1.606040971,0.269,7359,7375,7.45,0,14834.2,5870,,,7.918200523
1958,Norway,NOR,142,3522.993,6652.33,24.13312836,27.08,31919,0.377330117,13.49790962,-1129.7,9359,5315,4318.833,16223.33,3.5,4.76,1.372778289,0.2876,7073,7472,7.149999999,0,15700.2,6365,,,8.42237868
1959,Norway,NOR,142,3552.851,6874.48,24.94583308,27.96,33946,0.35597714,13.80649015,-493.6949999,9449,5789,4359.75,16899.75,3.5,4.61,1.548182081,0.2927,8087,8124,7.154999999,0,16954.2,6847,,,8.123399073
1960,Norway,NOR,142,3581.239,7203.72,26.15013234,30.03,33058,0.289581947,13.8562612,-893.4374999,10446,6291,4491.833,17522.5,3.5,4.58,1.708338264,0.2978,9247,8574,7.147499999,0,20605.5,7321,,,8.689164789
1961,Norway,NOR,142,3609.8,7594.66,27.58061564,31.54,36062,0.300066552,14.15488752,-1498.35,11543,6652,4605.75,18565.25,3.5,4.64,1.936107628,0.2768,10210,9385,7.134999999,0,20420.7,7945,,,8.876726901
1962,Norway,NOR,142,3638.919,7746.04,28.13475113,32.25,38843,0.291764282,14.90145331,-1522.95,11885,6942,4892.167,19858.17,3.5,4.95,1.733296598,0.2674,11015,10544,7.149999999,0,22071.1,8467,,,9.452290637
1963,Norway,NOR,142,3666.54,7981.69,28.99726348,33.11,41682,0.294995442,15.26975911,-1289.25,13013,7664,5115.667,21061,3.5,4.96,1.535368391,0.2528,12154,11508,7.162499999,0,23670,9008,,,10.19386084
1964,Norway,NOR,142,3694.339,8315.95,30.22072741,34.09,45837,0.278792242,16.16563806,-536.9999999,14169,9219,5513,22756.42,3.5,4.94,1.585935095,0.2373,13859,12766,7.159999999,0,25617.2,9632,,,10.71567543
1965,Norway,NOR,142,3723.153,8689.79,31.5897198,34.66,50563,0.282321065,16.84252439,-1215.5,15787,10309,5864.25,24824.67,4.82,4.99,1.558497556,0.226390839,15517,14429,7.149999999,0,27694.2,10256,,,11.88807861
1966,Norway,NOR,142,3753.628,8945.22,32.53124795,35.63,54568,0.286504911,17.39000597,-1681.425,17169,11168,6317.833,27002.33,,5,1.442201696,0.222529688,17203,16213,7.154999999,0,30228.9,11431,,,12.47092087
1967,Norway,NOR,142,3786.019,9422.75,34.2904001,36.7,59700,0.296532663,18.18634282,-2195.05,19627,12411,6902,29422.33,4.55,5,1.262504713,0.231021776,19953,18852,7.149999999,0,32916.4,12158,,,13.05600269
1968,Norway,NOR,142,3818.983,9551.2,34.77095148,37.73,63749,0.268584605,18.81345809,57.19999999,19331,13841,7066.75,32144.5,4.88,4.94,1.280781288,0.230905583,22652,20881,7.149999999,0,36734.7,13281,,,13.72730708
1969,Norway,NOR,142,3850.977,9899.29,36.05570134,40.32,69418,0.24296292,19.37089389,915.1999999,21011,15741,7339.5,35808.08,5.77,5.12,1.599298612,0.227952404,25347,23756,7.149999999,0,41569.3,15032,,,14.74966057
1970,Norway,NOR,142,3877.386,10027.2,36.50919673,40.02,91530,0.32906151,21.43141549,-1727.88,26443,17549,7786.25,39969.75,6.24,6.29,1.850922763,0.20762353,31746,28402,7.139999999,0,46192,16762,,,16.70366586
1971,Norway,NOR,142,3903.039,10472.4,38.29673718,41.98,102897,0.341467681,22.76527971,-3522.749999,28714,18003,8590.56,45586.17,5.08,6.4,1.906765335,0.21199068,34170,34521,6.709999999,0,52838.4,18832,,,17.54321627
1972,Norway,NOR,142,3933.004,10921.9,40.03252278,42.75,114362,0.311528305,24.41767868,-391.7599999,28808,21625,9217.396,50691.75,5.4,6.27,1.747491556,0.226279882,40078,39337,6.639999999,0,59617,21329,,,19.76988648
1973,Norway,NOR,142,3960.613,11324.4,41.55288527,44.03,129928,0.332006958,26.22934501,-2084.81,36041,27085,9949.387,56631.67,6.2,6.19,2.711131176,0.229166505,45886,46080,5.727499999,0,67609.8,23797,,,20.75276794
1974,Norway,NOR,142,3985.258,11726.2,42.87340234,45.17,150379,0.364984473,28.69798925,-5819.189999,46556,34732,11276.83,62921.17,7.52,7.1,2.527367693,0.227982859,50600,51805,5.204999999,0,76996.3,25708,,,21.54920706
1975,Norway,NOR,142,4007.313,12271.3,44.77982519,47.4,171849,0.374462464,32.05255823,-13839.63,50545,37922,13144.19,71279.66,7.48,7.29,1.810121706,0.241353785,57512,61133,5.584999999,0,88881.9,32135,,,24.00403119
1976,Norway,NOR,142,4026.152,12930,47.16649197,50.07,196119,0.388876142,34.98905037,-19423.01,60533,43330,14863.14,82994.09,8.58,7.25,1.874082162,0.309433904,65722,68717,5.184999999,0,103402.5,40168.75,,,24.81026833
1977,Norway,NOR,142,4043.205,13424.9,48.90053534,53.11,220968,0.381064226,38.17439777,-25872.24299,68579,47263,16500.4,97708.41,11.44,7.39,1.45083356,0.351640863,72431,71931,5.139499999,0,116915.2,50210.9375,,,29.75350979
1978,Norway,NOR,142,4058.671,13840.2,50.62064077,51.95,243888,0.299383323,41.2900657,-10562.3175,60169,57084,17730.17,110120.1,11.48,8.45,1.226238787,0.402464908,80704,83243,5.022499999,0,140663.2,62806.0625,97224.47624,44130.52376,33.20325294
1979,Norway,NOR,142,4072.517,14411.3,52.67525669,53.91,269067,0.286017981,43.24109098,-5142.743999,69339,68527,19444.83,124210.9,10.32,8.59,1.731165086,0.424,88218,92152,4.925999999,0,159586.7,69636.125,112560.4852,49172.51484,35.59397002
1980,Norway,NOR,142,4085.62,15076,54.87611847,54.81,318279,0.282880743,47.95938682,5687.639999,83602,91672,20354,139709.7,12.29,10.2675,2.082350466,0.392,100360,106564,5.179999999,0,185073.9,79239.8906,128049.1334,54979.86664,38.87882648
1981,Norway,NOR,142,4099.702,15169.4,55.51008964,54.68,365013,0.27768874,54.50925742,12642.9275,89688,104265,21377.17,157785,12.28,12.3125,2.04968241,0.354,116550,122304,5.807499999,0,190752.8,89729.5703,144483.8141,62615.18586,50.54882914
1982,Norway,NOR,142,4114.787,15145.3,55.36138415,54.97,404325,0.287612688,60.68086801,4669.747999,99747,113236,22687,174500.3,14.61,13.2033,1.91356803,0.319,127660,138031,7.053999999,0,233775,100671.5078,163106.8215,71064.1785,61.80451549
1983,Norway,NOR,142,4128.432,15635.8,57.33688178,55.89,449657,0.263789955,65.78737806,15336.24948,98408,131397,23141.83,190676.8,13.57,12.8583,3.283222757,0.295,140913,153136,7.72218,0,264642,113670.4688,184309.7233,80629.27668,65.21562644
1984,Norway,NOR,142,4140.095,16512.7,60.5577751,57.57,506486,0.275263285,69.93828389,26524.953,113102,154035,24565.33,216753,13.2,12.16,4.731214302,0.299,159048,166670,9.087,0,319230.8,131461.3438,220803.1572,95592.8428,70.60957687
1985,Norway,NOR,142,4152.419,17319.7,63.64625801,62.98,562402,0.274999022,73.89010551,23141.79,132563,170733,26496.17,251186.2,13.47,12.5817,6.284133648,0.325,180974,182424,7.5825,0,381416.9,154563.1094,269189.2524,115798.7476,75.67711322
1986,Norway,NOR,142,4166.596,17882.1,65.96466989,65.91,581913,0.328916866,79.20565399,-33633,150052,133847,28692,272079.3,13.73,13.4717,6.568229332,0.409,214231,203338,7.4,0,450536.8,182335.1875,337519.5883,142194.4117,98.34805369
1987,Norway,NOR,142,4186.147,18164.3,66.84255496,65.07,634875,0.314902934,86.11387617,-25584.4125,152041,144543,32433.08,298664.8,14.14,13.56,7.785216453,0.339,242870,227794,6.2325,0,552866,211289.2813,337524.4919,173875.814,121.0399899
1988,Norway,NOR,142,4208.729,18059.1,66.3483731,63.22,664084,0.303792894,91.86740991,-25596.72,151101,146166,33132.08,340522.5,14.26,12.97,7.129043555,0.33,263841,249393,6.57,1,582009,227165.1406,341685.6102,174385.5588,120.5688451
1989,Norway,NOR,142,4226.142,18156.7,66.73740553,62.46,708635,0.273915344,96.03822417,1402.38,163380,187146,35012.33,358695.9,11.52,10.835,11.30741035,0.33,274757,270000,6.615,0,624196,257770.9688,363440.1027,185505.4769,104.1031312
1990,Norway,NOR,142,4242.006,18466,67.77526942,62.62,749860,0.245839223,100,23582.74,169998,211579,32111.17,383286.6,11.76,10.7183,14.40386132,0.295,291424,295380,5.9075,0,636180,266223.8125,351844.7592,215761.2678,100
1991,Norway,NOR,142,4261.733,18951.36247,69.55266387,63.76,790087,0.221721152,103.4242485,30056.136,165181,220316,31870.08,409362.9,10.48,9.8675,13.01095649,0.278,296177,314649,5.973,0,636411,280036.75,368540.1153,217730.176,92.20441471
1992,Norway,NOR,142,4286.357,19506.31771,71.58432319,64.92,813093,0.215110695,105.8530759,20648.859,161931,218375,34024.7,447305.8,10.75,9.78417,12.13561586,0.324,309936,332955,6.9245,0,708396,327615.9063,414610.5039,238016.3009,84.60422995
1993,Norway,NOR,142,4311.964,19930.8412,73.1613598,66.09,855400,0.220247837,108.271949,16178.736,170992,226626,36284.5,471871.7,7.02,6.51667,15.4745149,0.408,318836,338747,7.518,0,713789,354750.2813,418348.2976,243003.9009,89.96206766
1994,Norway,NOR,142,4336.638,20818.4862,76.47479692,68.02,897243,0.229263421,109.7849891,25425.12,192964,244477,45245.42,492108.3,5.55,7.12667,20.05901773,0.372,342710,347740,6.762,0,723160,384944.4688,444750.7304,228160.8883,102.7459653
1995,Norway,NOR,142,4359.101,21578.25469,79.28872296,70.39,963124,0.239655538,112.4726259,33067.327,208627,265883,43391,521102.7,5.48,6.82333,21.57183141,0.348,408604,377826,6.319,0,761765,406970.4375,475969.8792,228772.0103,110.6762034
1996,Norway,NOR,142,4381.277,22563.88544,82.92949664,74.75,1054657,0.226623443,113.8761696,70667.7825,229720,320130,46202.75,553386.5,4.75,5.94333,25.54959427,0.314,458386,391752,6.4425,0,815970.156,459166.5625,506169.6382,248554.4135,122.2739807
1997,Norway,NOR,142,4405.672,23649.02047,86.9568431,76.81,1141324,0.249271898,116.8126618,73420.3652,252232,342421,55522.92,568940.7,3.61,5.12583,36.19573725,0.279,492138,405457,7.3157,0,936118.906,516099.5,558556.9829,288048.5143,132.9759389
1998,Norway,NOR,142,4432.718,24135.28037,88.78537748,78.58,1163192,0.281679207,119.4604818,-10001.6,282639,304654,53321.33,598614.8,5.45,5.35417,35.61805234,0.268,485605,432016,7.6,0,1033856.094,569964.1875,609838.8918,328268.5323,152.1201517
1999,Norway,NOR,142,4463.377,24455.05648,89.95103996,80.95,1265701,0.244583831,122.2476608,67354.931,266672,355171,53250.83,639015.3,6.83,5.3825,36.33826128,0.279,540389,455905,8.0395,0,1120959.344,622742.5625,647980.9536,352224.8747,172.0412077
2000,Norway,NOR,142,4492.4,25087.59906,92.33370983,83.9,1507886,0.217444157,126.0203066,228742.5735,302840,529812,59204.08,704463.9,6.3,6.37917,45.27322399,0.283604694,723590,490772,8.8485,0,1231402.094,696544,696043.4795,383990.8743,198.0969444
2001,Norway,NOR,142,4515.195,25457.663,93.71192586,85.32,1564585,0.204805747,129.8228151,235842.5836,296111,532262,57977.58,766941.3,7,6.31,40.97856126,0.274228099,736089,519027,9.0116,0,1347653.625,772235.3125,765017.3043,431103.3271,213.351343
2002,Norway,NOR,142,4535.591,25723.89259,94.61092281,87.5,1560181,0.204692917,131.4951224,170471.5761,276433,472954,84551.66,825827.5,6.84,6.3275,34.51414665,0.342063372,741193,600833,6.9657,0,1438142.251,843784,838682.3615,456354.504,227.6248198
2003,Norway,NOR,142,4555.4,25863.90438,95.00046766,89.53,1619613,0.195841846,134.7501493,189217.68,283268,482932,76354.5,861525.2,4.55,4.50167,33.08219733,0.420467918,748728,615383,6.68,0,1549559.188,946010.3125,935682.3813,474489.2104,231.6778411
2004,Norway,NOR,142,4574.56,26775.76204,98.14255014,93.92,1752812,0.216572455,135.3772646,208047.8,326102,554896,64933.83333,936103.1667,1.89,3.6,50.59211865,0.43610256,847085,641967,6.04,0,1648200,1033872.125,1021602.635,472957.4036,263.7908353
2005,Norway,NOR,142,4593.041,27358.44887,100,96.28,1958907,0.225932179,137.4377862,331750.987,357658,668759,75638.5,1029647.75,1.97,3.28,74.03547378,0.423332654,970911,675814,6.77,0,1926771,1244561.5,1185656.559,536862.8144,293.7244781
2006,Norway,NOR,142,4610.82,27921.17454,101.4781839,100,2180802,0.241714485,140.643042,364119.16,411756,782943,74162.08333,1148376.917,2.77,3.93417,104.4817307,0.533117083,1133086,732537,6.26,0,2233829,1504576.25,1356729.907,627349.1475,341.7987113
2007,Norway,NOR,142,4627.926,28555.95482,103.0980968,99.14103397,2306446,0.272899972,141.6683257,299874.677,468919,795365,77314.16667,1335364.75,4.45,4.78083,130.1189373,0.503085743,1191652,778943,5.41,0,2599722,1776665.295,1546488.178,759602.3768,382.574235
2008,Norway,NOR,142,4644.457,28464.30801,101.8899762,100.8749273,2559914,0.260179321,147.0037826,554645.7,504480,953153,96754.5,1459602.083,5.66,4.34667,105.0127115,0.480916859,1347016,833004,7,0,2805667,1898127.772,1629635.391,870262.2141,365.251329
2009,Norway,NOR,142,4698.789482,27893.19907,98.96812583,101.9994112,2382330,0.247814749,150.18913,257460.274,430362,731306,128742.1667,1511496.75,2.93,3.31583,78.9790472,0.428395856,1169860,895340,5.78,0,2879838,2102840.155,1943154.682,1019532.25,370.2082812
2010,Norway,NOR,142,4761.85397,27987.20145,98.21028084,104.5262162,2544266,0.253538778,153.7925543,301460.668,467285,788120,99742.33333,1559178.75,2.78,2.77083,100,0.425396362,1236045,928463,5.86,0,2848298,2058951.678,1919303.205,972897.5745,402.2212248
2011,Norway,NOR,142,4824.918459,28465.38044,98.24475576,105.6027863,2750781,0.258357441,155.7933506,372455.7474,508628,898593,107457.5833,1664592.167,3.03,2.55667,109.9110489,0.279044206,1380934,985956,5.99,0,2926591,2075530.703,1904536.001,957290.1744,438.9022956
2012,Norway,NOR,142,4887.982947,29401.67569,99.77113441,107.8443936,2908925,0.265276163,156.898268,422404.9993,507649,935720,93386.08333,1734498.417,1.8,1.57417,112.8156402,0.293762025,1459013,1031339,5.57,0,2975919,2177695.734,1913318.346,992465.5537,469.150871
2013,Norway,NOR,142,4944.255875,29830.49512,99.19889051,109.4157003,3003607,0.282924504,160.2428827,336313.8758,528783,899351,95888.25,1812812.083,1.51,1.919166667,129.163646,0.298083504,1462754,1092442,6.08,0,3270985,2368008.173,2077234.047,1059667.116,488.1645943
